,Ticker,Date,Time,Headline,neg,neu,pos,compound
0,AAPL,Dec-23-20,10:36AM,"Dow Jones Rallies Despite Trump Veto Threat; Apple Approaches New Buy Point, While Tesla Reverses Higher",0.0,0.844,0.156,0.4168
1,AAPL,Dec-23-20,10:36AM,20 Realistic Tech Predictions for 2021 (Part Two),0.0,1.0,0.0,0.0
2,AAPL,Dec-23-20,10:28AM,Dow Jones Stocks To Buy And Watch In December 2020: Apple Approaches New Buy Point,0.0,1.0,0.0,0.0
3,AAPL,Dec-23-20,09:57AM,"Stock Market News for Dec 23, 2020",0.0,1.0,0.0,0.0
4,AAPL,Dec-23-20,09:45AM,"Dow Jones, Stocks Open Mixed As Trump Balks At Coronavirus Bill; Clean Energy Rally Continues; Merck Rises On Covid Treatment Deal",0.0,0.798,0.202,0.5859
5,AAPL,Dec-23-20,09:45AM,Elon Musk Tried to Sell Tesla to Apple,0.0,1.0,0.0,0.0
6,AAPL,Dec-23-20,09:38AM,"Apple Snubbed Chance to Buy Tesla At $65 Billion, Says Elon Musk",0.2,0.667,0.133,-0.25
7,AAPL,Dec-23-20,09:33AM,Obvious reasons why a Tesla-crushing Apple car won't exist,0.0,1.0,0.0,0.0
8,AAPL,Dec-23-20,09:01AM,Apple Might Be Working on an Electric Car: Here's What You Should Know,0.0,1.0,0.0,0.0
9,AAPL,Dec-23-20,08:07AM,Dow Jones Futures Reverse Higher Despite Trump Threat To Veto 'Disgrace' Of A Stimulus Deal,0.0,0.824,0.176,0.4168
10,AAPL,Dec-23-20,07:45AM,"How Has Apple Soared Nearly 70% This Year, But Still Only Costs $1?",0.0,1.0,0.0,0.0
11,AAPL,Dec-23-20,07:31AM,Facebook workers say company is acting like a virus in Apple privacy battle,0.172,0.662,0.166,-0.0258
12,AAPL,Dec-23-20,07:13AM,"Trump and Stimulus, Apple and Tesla, Pfizer - 5 Things You Must Know Wednesday",0.0,1.0,0.0,0.0
13,AAPL,Dec-23-20,06:38AM,Why Apple entering the EV market is 'a good thing',0.0,0.756,0.244,0.4404
14,AAPL,Dec-23-20,06:22AM,"Tesla Faces 'Formidable Bear Case' Over Apple's EV Plans, Says Morgan Stanley",0.0,1.0,0.0,0.0
15,AAPL,Dec-23-20,06:05AM,Here's How Much You Needed to Invest In Apple 10 Years Ago to Be a Millionaire Today,0.0,1.0,0.0,0.0
16,AAPL,Dec-23-20,04:58AM,Apple adds $102bn to its market value on back of self-driving car plans,0.0,0.833,0.167,0.34
17,AAPL,Dec-23-20,03:59AM,IndyBests best tech buys of 2020: From headphones to speakers and projectors,0.0,0.724,0.276,0.6369
18,AAPL,Dec-23-20,01:59AM,"Japan stocks end higher on gains in drugmakers, tech stocks",0.0,0.789,0.211,0.34
19,AAPL,Dec-22-20,10:11PM,Elon Musk says Apple's boss snubbed takeover deal,0.3,0.7,0.0,-0.4588
20,AAPL,Dec-22-20,09:59PM,Apple Added More Gains In A Day On EV Rumors Than GM's Entire Valuation,0.0,0.817,0.183,0.4005
21,AAPL,Dec-22-20,09:33PM,"Unlike Tesla, Apple's Worth Based On Lifetime Value Of Customer Base  Cramer Sees 'Upside' In EV Foray",0.0,0.777,0.223,0.5106
22,AAPL,Dec-22-20,07:24PM,Musk says he tried to sell Tesla to Apple during Model 3 crunch,0.0,1.0,0.0,0.0
23,AAPL,Dec-22-20,07:01PM,Jim Cramer: The Real Market and the Dream Market,0.0,0.8,0.2,0.25
24,AAPL,Dec-22-20,05:49PM,The DJIA and S&P 500 Slip as Tech Stocks Rise,0.0,1.0,0.0,0.0
25,AAPL,Dec-22-20,05:46PM,Musk Says Apple CEO Refused Talks for Tesla at $60 Billion,0.18,0.82,0.0,-0.296
26,AAPL,Dec-22-20,05:16PM,Musk approached Apple to buy Tesla during 'darkest days',0.286,0.714,0.0,-0.4939
27,AAPL,Dec-22-20,04:40PM,"Qorvo, IBD Stock Of The Day, Riding 5G Wireless Upgrade Wave",0.0,1.0,0.0,0.0
28,AAPL,Dec-22-20,04:36PM,Elon Musk says he offered to sell Tesla to Apple but was ignored by Tim Cook,0.164,0.836,0.0,-0.4497
29,AAPL,Dec-22-20,04:31PM,"Apple Car Speculation Drives Stock Higher, But Vehicle Might Not Leave Garage",0.0,0.905,0.095,0.0382
30,AAPL,Dec-22-20,04:30PM,"Stock Market Today: Nasdaq Sets Fresh Record, But Confidence Is Flagging",0.0,0.616,0.384,0.6808
31,AAPL,Dec-22-20,04:29PM,Elon Musk says Tim Cook 'refused' to meet with him about Apple buying Tesla,0.0,1.0,0.0,0.0
32,AAPL,Dec-22-20,04:26PM,Musk tweets he reached out to Apple's Tim Cook for acquiring Tesla,0.0,0.887,0.113,0.1027
33,AAPL,Dec-22-20,04:17PM,US STOCKS-S&P 500 ends lower as new COVID storm clouds overshadow stimulus passage,0.155,0.845,0.0,-0.296
34,AAPL,Dec-22-20,04:10PM,3 Stocks with Strong Dividends to Buy for Growth in 2021,0.0,0.576,0.424,0.7096
35,AAPL,Dec-22-20,04:07PM,Lidar Stocks Rise On Report Apple Could Make A Self-Driving Car,0.0,1.0,0.0,0.0
36,AAPL,Dec-22-20,04:00PM,US STOCKS-S&P 500 ends lower as new COVID storm clouds overshadow stimulus passage,0.155,0.845,0.0,-0.296
37,AAPL,Dec-22-20,03:24PM,2 Trillion Reasons Why the Apple iCar Rumors Will Never Go Away,0.0,1.0,0.0,0.0
38,AAPL,Dec-22-20,03:00PM,"Dow Falls Ahead Of Trump Stimulus Signature, Schumer Wants 'Much More;' Apple Smokes Tesla",0.0,1.0,0.0,0.0
39,AAPL,Dec-22-20,02:49PM,"Apples Car Plan Creates Tesla Bear Case, Morgan Stanley Says",0.0,0.811,0.189,0.2732
40,AAPL,Dec-22-20,02:25PM,Electric vehicle company Canoo lists on Nasdaq,0.0,1.0,0.0,0.0
41,AAPL,Dec-22-20,02:08PM,US STOCKS-S&P 500 struggles for direction as new COVID worries outweigh stimulus-passage boost,0.294,0.556,0.15,-0.3818
42,AAPL,Dec-22-20,01:54PM,"Dow Jones Drops as Apple Plans Electric Car, Boeing Secures 737 MAX Order",0.0,0.839,0.161,0.3182
43,AAPL,Dec-22-20,01:45PM,"Apple targets car production, eyes batteries: Reuters",0.0,1.0,0.0,0.0
44,AAPL,Dec-22-20,01:44PM,Lidar and EV Charging Stocks Jump on Apple Electric Car Report,0.0,1.0,0.0,0.0
45,AAPL,Dec-22-20,01:29PM,Apple Electric Car Splits Wall Street on Its Potential,0.0,1.0,0.0,0.0
46,AAPL,Dec-22-20,01:28PM,Top 4 Mutual Fund Holders of Roku Inc. (ROKU),0.0,0.795,0.205,0.2023
47,AAPL,Dec-22-20,01:28PM,Companies Owned by AAPL,0.0,1.0,0.0,0.0
48,AAPL,Dec-22-20,01:21PM,Top Apple Shareholders,0.0,0.526,0.474,0.2023
49,AAPL,Dec-22-20,01:16PM,"How Apple Makes Money: iPhones, iPads, Macs, and Services",0.0,1.0,0.0,0.0
50,AAPL,Dec-22-20,12:48PM,Why Apple Stock Climbed Higher Today,0.0,1.0,0.0,0.0
51,AAPL,Dec-22-20,12:45PM,Who Cares if Apple Builds a Car? The Stock Is Breaking Out,0.0,0.769,0.231,0.4588
52,AAPL,Dec-22-20,12:39PM,Why QuantumScape Soared Almost 30% Today,0.0,1.0,0.0,0.0
53,AAPL,Dec-22-20,12:34PM,Apple (AAPL) Reportedly Developing Electric Car,0.0,1.0,0.0,0.0
54,AAPL,Dec-22-20,12:34PM,US STOCKS-Nasdaq supported by Apple as weak economic data weighs on Wall Street,0.179,0.679,0.142,-0.1531
55,AAPL,Dec-22-20,12:29PM,Why Tesla Stock Fell Again Today,0.0,1.0,0.0,0.0
56,AAPL,Dec-22-20,12:13PM,Dow Jones Drops Despite Apple Stock's Gain; Trump Expected To Sign Stimulus Bill,0.188,0.812,0.0,-0.4168
57,AAPL,Dec-22-20,11:58AM,"Dow Jones Falls As Congress OKs Stimulus Deal, Trump Signature Expected Quickly; Apple Jumps, While Tesla Skids",0.0,1.0,0.0,0.0
58,AAPL,Dec-22-20,11:08AM,Apple Inches Toward Record After Report on Autonomous Car Plans,0.0,1.0,0.0,0.0
59,AAPL,Dec-22-20,11:02AM,Peloton Sends Nasdaq Skyward; Apple to Challenge Tesla,0.0,0.843,0.157,0.0772
60,AAPL,Dec-22-20,11:00AM,9 best high-end laptops: Work from home with a top performing machine,0.0,0.571,0.429,0.7184
61,AAPL,Dec-22-20,10:59AM,10 best high-end laptops for great performance with sleek design,0.0,0.491,0.509,0.8519
62,AAPL,Dec-22-20,10:56AM,Apple Moves Forward With Plan for Self-Driving Vehicles,0.0,1.0,0.0,0.0
63,AAPL,Dec-22-20,10:53AM,US STOCKS-Nasdaq supported by Apple; Dow and S&P fall on weak economic data,0.179,0.679,0.142,-0.1531
64,AAPL,Dec-22-20,09:58AM,"Dow Jones Fades, Stocks Mixed, As Stimulus Awaits Signature; Apple Rallies On EV News; Peloton Soars On Merger",0.0,0.929,0.071,0.0772
65,AAPL,Dec-22-20,09:38AM,Apple (AAPL) Car May Debut in 2024 With New Battery Technology,0.0,1.0,0.0,0.0
66,AAPL,Dec-22-20,09:00AM,Apple's iPhone 12 Immediately Became the No. 1 5G Phone in the World,0.167,0.833,0.0,-0.296
67,AAPL,Dec-22-20,08:48AM,"Stock indexes look set to rise, Dow flat after Congress passes COVID aid package",0.0,1.0,0.0,0.0
68,AAPL,Dec-22-20,08:24AM,"Dow Jones Futures: Congress OKs Stimulus Deal, Apple, Peloton Rise After Stock Market Rally Rebounds From Key Level",0.0,1.0,0.0,0.0
69,AAPL,Dec-22-20,08:16AM,"Peloton, Apple, Tesla, CarMax - Tuesday's Premarket Movers",0.0,1.0,0.0,0.0
70,AAPL,Dec-22-20,08:07AM,Apple and Others Are Coming for Tesla,0.0,1.0,0.0,0.0
71,AAPL,Dec-22-20,08:06AM,What Lies Ahead for FAAMG Stocks After Explosive Success in 2020?,0.181,0.581,0.239,0.2263
72,AAPL,Dec-22-20,07:23AM,"US STOCKS-Apple props up S&P, Nasdaq futures",0.0,1.0,0.0,0.0
73,AAPL,Dec-22-20,07:03AM,"3 Recession-Proof Stocks to Buy With $3,000",0.0,1.0,0.0,0.0
74,AAPL,Dec-22-20,07:02AM,Apple reportedly working on an electric car sends the stock of this Bill Gates-backed battery startup surging,0.0,1.0,0.0,0.0
75,AAPL,Dec-22-20,06:57AM,"Facebook and Google signed secret pact to maintain status quo and avoid competing, report alleges",0.136,0.864,0.0,-0.296
76,AAPL,Dec-22-20,06:32AM,1 Big Change I'm Making to My Investment Strategy in 2021,0.0,1.0,0.0,0.0
77,AAPL,Dec-22-20,06:15AM,These 10 clunkers are my worst calls from a decades worth of investment advice,0.241,0.647,0.112,-0.4939
78,AAPL,Dec-22-20,05:49AM,Markets are moving away from a 'Darwinistic' phase: Morning Brief,0.0,1.0,0.0,0.0
79,AAPL,Dec-22-20,02:36AM,An Apple-Tesla Showdown Will Happen on the Factory Floor,0.0,1.0,0.0,0.0
80,AAPL,Dec-22-20,01:37AM,"Stimulus Passed; GDP, API Due; Apple Cars - What's up in Markets",0.0,1.0,0.0,0.0
81,AAPL,Dec-21-20,06:42PM,How a Relentless Dealmaker Cracked Silicon Valleys Bros Club,0.0,0.854,0.146,0.0516
82,AAPL,Dec-21-20,05:45PM,Apple (AAPL) Gains As Market Dips: What You Should Know,0.0,0.789,0.211,0.34
83,AAPL,Dec-21-20,05:43PM,"Apple Targets Autonomous Car for Consumers by 2024, Reuters Says",0.0,1.0,0.0,0.0
84,AAPL,Dec-21-20,05:43PM,Apple reportedly plans production of electric car with 'breakthrough battery' in 2024,0.0,1.0,0.0,0.0
85,AAPL,Dec-21-20,05:28PM,NYC Moves Against New Covid Strain; Apple Announces EV Plans,0.118,0.882,0.0,-0.0516
86,AAPL,Dec-21-20,05:05PM,Buy Apple and Microsoft Stock Heading Into 2021?,0.0,1.0,0.0,0.0
87,AAPL,Dec-21-20,05:00PM,"5 at 5: Your Daily Digest for Real Estate Investing, 12/21/2020",0.0,1.0,0.0,0.0
88,AAPL,Dec-21-20,04:28PM,"Googles Aramco Deal Risks Irking Staff Over Oil, Politics",0.208,0.792,0.0,-0.2732
89,AAPL,Dec-21-20,04:28PM,"Apple stock rises, Tesla dips after report that iCar could emerge in 2024",0.0,1.0,0.0,0.0
90,AAPL,Dec-21-20,04:24PM,Apple targets 2024 for car production: RTRS,0.0,1.0,0.0,0.0
91,AAPL,Dec-21-20,01:22PM,Apple Closes All California Stores Due to Spike in COVID-19 Cases,0.0,1.0,0.0,0.0
92,AAPL,Dec-21-20,01:07PM,"Dow Jones Erases Losses Amid Fears Of New Coronavirus Strain; Apple Slides, While Tesla Skids In S&P 500 Debut",0.295,0.705,0.0,-0.6908
93,AAPL,Dec-21-20,01:02PM,Apple Temporarily Shutters Stores: Will Other Retailers Follow?,0.0,1.0,0.0,0.0
94,AAPL,Dec-21-20,11:27AM,Citi Names Dell Stock a Top Pick. A VMware Spinoff Would Be an Added Bonus.,0.0,0.675,0.325,0.6486
95,AAPL,Dec-21-20,10:43AM,How to understand the extremely high stakes of Big Techs antitrust battle,0.191,0.809,0.0,-0.3818
96,AAPL,Dec-21-20,10:36AM,Microsoft (MSFT) Developing Chips for Its Servers and PCs,0.0,1.0,0.0,0.0
97,AAPL,Dec-21-20,10:33AM,Microsoft (MSFT) Reportedly Mulling on Designing Chips In-House,0.0,1.0,0.0,0.0
98,AAPL,Dec-21-20,10:14AM,Top 5 S&P 500 Stocks That Helped the Index Gain in 2020,0.0,0.634,0.366,0.6369
99,AAPL,Dec-21-20,09:38AM,2 Electric Vehicle ETFs Charging Higher,0.0,1.0,0.0,0.0
100,MSFT,Dec-23-20,09:45AM,FAAMG is Highly Overvalued: Is it Worth Paying the Premium?,0.0,0.826,0.174,0.2263
101,MSFT,Dec-23-20,09:44AM,5 Stocks to Ride the Virtual Reality Wave in 2021 & Beyond,0.0,1.0,0.0,0.0
102,MSFT,Dec-23-20,09:16AM,Alphabet (GOOGL) Invests in Indian Startups to Aid Digitization,0.0,1.0,0.0,0.0
103,MSFT,Dec-23-20,08:15AM,3 Catalysts for Google in 2021,0.0,1.0,0.0,0.0
104,MSFT,Dec-23-20,08:05AM,"Here's Who Google, Zoom, Microsoft Call To Find Their Voice",0.0,1.0,0.0,0.0
105,MSFT,Dec-23-20,02:07AM,Poland's CD Projekt sells over 13 mln copies of Cyberpunk 2077,0.0,1.0,0.0,0.0
106,MSFT,Dec-22-20,05:32PM,StockX CEO on the top selling items this holiday season,0.0,0.619,0.381,0.6027
107,MSFT,Dec-22-20,03:00PM,"Dow Falls Ahead Of Trump Stimulus Signature, Schumer Wants 'Much More;' Apple Smokes Tesla",0.0,1.0,0.0,0.0
108,MSFT,Dec-22-20,02:08PM,Companies Owned by MSFT,0.0,1.0,0.0,0.0
109,MSFT,Dec-22-20,02:05PM,Top Microsoft Shareholders,0.0,0.526,0.474,0.2023
110,MSFT,Dec-22-20,02:01PM,"How Microsoft Makes Money: Personal Computing, Cloud Services",0.0,1.0,0.0,0.0
111,MSFT,Dec-22-20,12:13PM,Dow Jones Drops Despite Apple Stock's Gain; Trump Expected To Sign Stimulus Bill,0.188,0.812,0.0,-0.4168
112,MSFT,Dec-22-20,12:00PM,Does Microsoft Pass Our 'Test'?,0.0,1.0,0.0,0.0
113,MSFT,Dec-22-20,11:30AM,Is Microsoft (MSFT) Outperforming Other Computer and Technology Stocks This Year?,0.0,1.0,0.0,0.0
114,MSFT,Dec-22-20,11:00AM,9 best high-end laptops: Work from home with a top performing machine,0.0,0.571,0.429,0.7184
115,MSFT,Dec-22-20,10:59AM,10 best high-end laptops for great performance with sleek design,0.0,0.491,0.509,0.8519
116,MSFT,Dec-22-20,10:51AM,Want to Ride the Bitcoin Wave to New Highs? Bet on These 5 Stocks,0.0,0.902,0.098,0.0772
117,MSFT,Dec-22-20,10:46AM,Cognizant (CTSH) Boosts Data Analytics With Inawisdom Buyout,0.0,0.753,0.247,0.3182
118,MSFT,Dec-22-20,10:22AM,Microsoft (MSFT) Could Hit $300 in 2021,0.0,1.0,0.0,0.0
119,MSFT,Dec-22-20,10:15AM,Here's My Plan for Microsoft,0.0,1.0,0.0,0.0
120,MSFT,Dec-22-20,08:28AM,Coronavirus Fears Driving Cloud Service Demand: 4 Winners,0.377,0.351,0.272,-0.0516
121,MSFT,Dec-22-20,08:06AM,What Lies Ahead for FAAMG Stocks After Explosive Success in 2020?,0.181,0.581,0.239,0.2263
122,MSFT,Dec-22-20,07:30AM,Best Tech Stocks To Buy Or Watch Now: 5 Growth Stocks Leading The Stock Market,0.0,0.638,0.362,0.7783
123,MSFT,Dec-22-20,06:26AM,Google Helps Birth Two Social Media Unicorns in Rapid Succession,0.0,0.645,0.355,0.5267
124,MSFT,Dec-22-20,05:49AM,Markets are moving away from a 'Darwinistic' phase: Morning Brief,0.0,1.0,0.0,0.0
125,MSFT,Dec-22-20,12:52AM,"Indian TikTok clone gets Google, Microsoft backing in $100 mln fund raise",0.0,0.909,0.091,0.0258
126,MSFT,Dec-22-20,12:15AM,"Google, Microsoft, Dell Join Facebook In Legal Fight Against Israeli Surveillance Firm NSO",0.16,0.613,0.227,0.0258
127,MSFT,Dec-21-20,09:20PM,Hackers Targeted Senior U.S. Treasury Officials in Data Breach,0.0,0.816,0.184,0.2023
128,MSFT,Dec-21-20,06:23PM,"Google, Cisco and VMware join Microsoft to oppose NSO Group in WhatsApp spyware case",0.0,0.855,0.145,0.296
129,MSFT,Dec-21-20,05:29PM,"Microsoft, Google, Cisco, VMware join legal battle against hacking company NSO",0.182,0.559,0.259,0.0258
130,MSFT,Dec-21-20,05:29PM,Electronic Arts Makes a Move,0.0,1.0,0.0,0.0
131,MSFT,Dec-21-20,05:05PM,Buy Apple and Microsoft Stock Heading Into 2021?,0.0,1.0,0.0,0.0
132,MSFT,Dec-21-20,04:36PM,Dow Claws Back 400-Point Loss; McConnell Touts 'Bipartisan Breakthrough' Stimulus Deal,0.274,0.726,0.0,-0.34
133,MSFT,Dec-21-20,04:29PM,Wall Street Scrambles to Find Security Plays Amid Unfolding SolarWinds Hack,0.0,0.672,0.328,0.5267
134,MSFT,Dec-21-20,04:28PM,"Googles Aramco Deal Risks Irking Staff Over Oil, Politics",0.208,0.792,0.0,-0.2732
135,MSFT,Dec-21-20,04:26PM,"Cloud Stocks To Watch: Adobe Stock Targets Breakout With AI, Machine Learning",0.0,1.0,0.0,0.0
136,MSFT,Dec-21-20,04:23PM,Microsoft Stock Upgraded To Buy On 2021 Cloud Prospects,0.0,0.784,0.216,0.296
137,MSFT,Dec-21-20,03:10PM,"Dow Jones Turns Higher After 400-Point Intraday Plunge; JPMorgan Flashes Buy Signal, Airbnb Soars To New High",0.0,1.0,0.0,0.0
138,MSFT,Dec-21-20,02:13PM,Microsoft's Reported Plans to Design Its Own CPUs: 5 Thoughts,0.0,1.0,0.0,0.0
139,MSFT,Dec-21-20,01:47PM,Why Intel and AMD Stocks Dipped Today,0.0,1.0,0.0,0.0
140,MSFT,Dec-21-20,11:25AM,Data And Cloud Technologies Helped IT Giants Stay Afloat This Year,0.0,1.0,0.0,0.0
141,MSFT,Dec-21-20,10:43AM,How to understand the extremely high stakes of Big Techs antitrust battle,0.191,0.809,0.0,-0.3818
142,MSFT,Dec-21-20,10:41AM,"Buy Microsoft to Bet on Cloud Growth, Says Citi. Its the Most Bullish Call on Wall Street.",0.0,0.86,0.14,0.3818
143,MSFT,Dec-21-20,10:36AM,Microsoft (MSFT) Developing Chips for Its Servers and PCs,0.0,1.0,0.0,0.0
144,MSFT,Dec-21-20,10:33AM,Microsoft (MSFT) Reportedly Mulling on Designing Chips In-House,0.0,1.0,0.0,0.0
145,MSFT,Dec-21-20,10:14AM,Top 5 S&P 500 Stocks That Helped the Index Gain in 2020,0.0,0.634,0.366,0.6369
146,MSFT,Dec-21-20,10:01AM,Will Zoom (ZM) Run Out Of Steam After COVID-19 Vaccine Arrives?,0.0,1.0,0.0,0.0
147,MSFT,Dec-21-20,09:39AM,"The Zacks Analyst Blog Highlights: NVIDIA, United Parcel Service, Danaher, Microsoft and Broadcom",0.0,0.811,0.189,0.4215
148,MSFT,Dec-21-20,09:31AM,"The Zacks Analyst Blog Highlights: Okta, NIC, Microsoft, Covetrus and J2 Global",0.0,1.0,0.0,0.0
149,MSFT,Dec-21-20,08:44AM,3 Stocks to Watch as Cybersecurity Companies Rally on SolarWinds Hack,0.0,1.0,0.0,0.0
150,MSFT,Dec-21-20,08:26AM,Morning Bell With Jim Cramer: Palantir Is Not the Next Tesla,0.0,1.0,0.0,0.0
151,MSFT,Dec-21-20,06:44AM,Tesla is technically the 'Spiders' 5th highest weighted component,0.0,1.0,0.0,0.0
152,MSFT,Dec-21-20,05:53AM,Facebook to stop scanning for child abuse images under EU privacy rules,0.39,0.61,0.0,-0.7506
153,MSFT,Dec-20-20,04:43PM,Here's What You Need To Know About Cyberattack Against US,0.0,1.0,0.0,0.0
154,MSFT,Dec-20-20,03:04PM,10 Best Stocks To Invest In Right Now According To Tech Billionaire,0.0,0.724,0.276,0.6369
155,MSFT,Dec-20-20,12:09PM,The 1 Mega-Cap Tech Stock That Doesn't Fear Washington,0.0,0.727,0.273,0.3875
156,MSFT,Dec-20-20,11:10AM,The Stock Markets 2021 Surprise: A Booming Economy and Tepid Returns,0.0,0.811,0.189,0.2732
157,MSFT,Dec-20-20,10:50AM,Put Your Coronavirus Stimulus Check to Work With These 3 Stocks,0.0,1.0,0.0,0.0
158,MSFT,Dec-20-20,08:10AM,The Biggest Reason Teladoc Can Stay on Top in Telehealth,0.0,0.833,0.167,0.2023
159,MSFT,Dec-19-20,06:12PM,INSIGHT-'Powerful tradecraft': how foreign cyber-spies compromised America,0.0,1.0,0.0,0.0
160,MSFT,Dec-19-20,05:57PM,Top 10 Stocks To Buy Now According To Secretive Billionaire Quant Hedge Fund Manager,0.0,0.878,0.122,0.2023
161,MSFT,Dec-19-20,04:37PM,INSIGHT-'Powerful tradecraft': how foreign cyber-spies compromised America,0.0,1.0,0.0,0.0
162,MSFT,Dec-19-20,02:46PM,Why Russia's massive cyberattack is especially insidious,0.0,1.0,0.0,0.0
163,MSFT,Dec-19-20,12:46PM,Second hacking team was targeting SolarWinds at time of big breach,0.0,1.0,0.0,0.0
164,MSFT,Dec-19-20,08:48AM,"What could rattle markets in 2021, even as vaccines are rolling out",0.0,1.0,0.0,0.0
165,MSFT,Dec-19-20,07:04AM,3 Stocks Warren Buffett Would Love,0.0,0.488,0.512,0.6369
166,MSFT,Dec-18-20,09:24PM,RingCentral Takes on Zooms and Slacks Hold Over Meeting Culture,0.0,1.0,0.0,0.0
167,MSFT,Dec-18-20,08:26PM,"Microsoft Designing Its Own Chips for Servers, Surface PCs",0.0,1.0,0.0,0.0
168,MSFT,Dec-18-20,06:48PM,Cisco Latest Victim of Russian Cyber-Attack Using SolarWinds,0.231,0.769,0.0,-0.2732
169,MSFT,Dec-18-20,06:37PM,Microsoft Says Its Systems Were Exposed to SolarWinds Hack,0.14,0.86,0.0,-0.0772
170,MSFT,Dec-18-20,06:10PM,Why Intel Stock Was Such a Dog on Friday,0.0,1.0,0.0,0.0
171,MSFT,Dec-18-20,06:02PM,Minnesota AG: Our antitrust case against Googles predatory behavior 'goes further',0.0,1.0,0.0,0.0
172,MSFT,Dec-18-20,05:39PM,Intel Stock Sinks on Report Microsoft May Build Own Chips for Azure Servers,0.0,1.0,0.0,0.0
173,MSFT,Dec-18-20,05:38PM,"Dow Jones Futures Rise On Nike Earnings, Bank Stock Buybacks; Tesla Stock Keeps Moving",0.0,1.0,0.0,0.0
174,MSFT,Dec-18-20,05:33PM,"Google Blames Gmail, YouTube Outage on Error in User ID System",0.375,0.625,0.0,-0.6597
175,MSFT,Dec-18-20,05:20PM,Intel Slips On Microsoft's Plans to Make Its Own Chips,0.0,1.0,0.0,0.0
176,MSFT,Dec-18-20,04:31PM,"Sony, Microsoft Offer Cyberpunk Refunds After Player Complaints",0.278,0.722,0.0,-0.4019
177,MSFT,Dec-18-20,04:13PM,Chip Stocks Fall On Report Microsoft Will Take Things In House,0.0,1.0,0.0,0.0
178,MSFT,Dec-18-20,03:39PM,Dan Ives on SolarWinds hack: This might go down as the worst attack that weve ever seen,0.324,0.676,0.0,-0.802
179,MSFT,Dec-18-20,03:14PM,WRAPUP 2-Hackers' broad attack sets cyber experts worldwide scrambling to defend networks,0.22,0.78,0.0,-0.4767
180,MSFT,Dec-18-20,02:10PM,"Barry Ritholtz and Josh Brown Wont Predict The Market, But Theyll Talk About Anything Else.",0.0,1.0,0.0,0.0
181,MSFT,Dec-18-20,01:49PM,10 Best Magic Formula Stocks To Buy Now,0.0,0.625,0.375,0.6369
182,MSFT,Dec-18-20,01:36PM,Hackers Monthslong Head Start Hamstrings Probe of U.S. Breach,0.0,1.0,0.0,0.0
183,MSFT,Dec-18-20,11:43AM,SolarWinds hack: Microsoft president says world is still undergoing remarkable cyber attack,0.186,0.599,0.216,0.128
184,MSFT,Dec-18-20,10:45AM,Sabre (SABR) Extends Debt Maturity With New Refinancing Plan,0.227,0.636,0.136,-0.25
185,MSFT,Dec-18-20,10:36AM,New Revelations Suggest Russian Hack Of US Agencies 'Very Possibly The Worst Ever',0.267,0.733,0.0,-0.6557
186,MSFT,Dec-18-20,10:15AM,Russia-Linked SolarWinds Hack Snags Widening List of Victims,0.247,0.753,0.0,-0.3182
187,MSFT,Dec-18-20,09:54AM,"Microsoft Named Top Pick by Morgan Stanley, Price Target Raised",0.0,0.833,0.167,0.2023
188,MSFT,Dec-18-20,09:50AM,"Sony Pulls ""Cyberpunk 2077"" After Rollout Debacle",0.0,1.0,0.0,0.0
189,MSFT,Dec-18-20,09:40AM,Microsoft Discovers Malware Related to SolarWinds Cyber Attack,0.307,0.693,0.0,-0.4767
190,MSFT,Dec-18-20,09:39AM,Can Microsoft (MSFT) Help FAAMG Surpass FAANG in 2021?,0.0,0.748,0.252,0.4019
191,MSFT,Dec-18-20,09:13AM,Microsoft (MSFT) Removed Malware From SolarWinds (SWI) Hack,0.0,1.0,0.0,0.0
192,MSFT,Dec-18-20,09:12AM,Cyberpunk Fiasco Is Going to Make Gaming More Expensive,0.292,0.708,0.0,-0.5106
193,MSFT,Dec-18-20,09:12AM,Software Stocks Have Soared in 2020. How to Play Them Next Year.,0.0,0.821,0.179,0.34
194,MSFT,Dec-18-20,09:04AM,U.K. Use of Software Linked to Russia-Hack Runs Deep,0.0,1.0,0.0,0.0
195,MSFT,Dec-18-20,08:56AM,"Effectively, an Attack on the United States. Microsoft Gets Caught Up in SolarWinds Cyberattack.",0.157,0.556,0.288,0.3818
196,MSFT,Dec-18-20,08:39AM,"Moderna, SolarWinds, FedEx, Coinbase, Nike - 5 Things You Must Know Friday",0.0,1.0,0.0,0.0
197,MSFT,Dec-18-20,07:35AM,5 Must-Buy Corporate Giants as Major Indexes Hit Record High,0.0,1.0,0.0,0.0
198,MSFT,Dec-18-20,07:30AM,App Store Troubles May Dampen Post-Holiday Spirits For Apple Stock,0.25,0.75,0.0,-0.4588
199,MSFT,Dec-18-20,04:22AM,CD Projekt not in talks with Microsoft about Cyberpunk 2077 withdrawal,0.0,0.901,0.099,0.0258
200,AMZN,Dec-23-20,10:36AM,20 Realistic Tech Predictions for 2021 (Part Two),0.0,1.0,0.0,0.0
201,AMZN,Dec-23-20,09:58AM,Amazon (AMZN) Carencro Fulfillment Center to Add Above 500 Jobs,0.0,0.841,0.159,0.1779
202,AMZN,Dec-23-20,09:53AM,Why Amazon's Stock Is So Expensive,0.0,1.0,0.0,0.0
203,AMZN,Dec-23-20,09:30AM,Baillie's Slater Explains How to Beat the S&P 500,0.0,1.0,0.0,0.0
204,AMZN,Dec-23-20,09:16AM,Alphabet (GOOGL) Invests in Indian Startups to Aid Digitization,0.0,1.0,0.0,0.0
205,AMZN,Dec-23-20,08:56AM,How Has Amazon Stock Done Since the Beginning of 2020?,0.0,0.841,0.159,0.1779
206,AMZN,Dec-23-20,08:45AM,These Were the 5 Best Fintech Stocks of 2020,0.0,0.625,0.375,0.6369
207,AMZN,Dec-23-20,08:15AM,3 Catalysts for Google in 2021,0.0,1.0,0.0,0.0
208,AMZN,Dec-23-20,07:50AM,Under 30? 2 Unstoppable Stocks to Bet Your Retirement On,0.184,0.816,0.0,-0.2023
209,AMZN,Dec-23-20,07:30AM,Better Buy: Costco vs. Walmart,0.0,0.58,0.42,0.4404
210,AMZN,Dec-23-20,07:00AM,All You Want for Christmas Is a Home Movie Theater,0.0,0.86,0.14,0.0772
211,AMZN,Dec-23-20,07:00AM,Here's How Much You'd Have Had to Invest in Amazon 10 Years Ago to Be a Millionaire Today,0.0,0.904,0.096,0.1779
212,AMZN,Dec-23-20,06:00AM,FOCUS-Amazon to face U.S. union push in year ahead,0.0,1.0,0.0,0.0
213,AMZN,Dec-23-20,03:31AM,"Amazon, Formula One In 'Active' Discussions For Grand Pix Race Streaming: FT",0.0,0.68,0.32,0.5719
214,AMZN,Dec-22-20,05:49PM,The DJIA and S&P 500 Slip as Tech Stocks Rise,0.0,1.0,0.0,0.0
215,AMZN,Dec-22-20,05:39PM,An Interview With the Founder of Millennial Money,0.0,1.0,0.0,0.0
216,AMZN,Dec-22-20,04:41PM,Walmart Faces a Justice Department Opioid Lawsuit,0.204,0.43,0.366,0.3612
217,AMZN,Dec-22-20,04:29PM,Why the Market Is Gaga Over IACs Planned Vimeo Spinoff,0.0,1.0,0.0,0.0
218,AMZN,Dec-22-20,03:16PM,U.S. FDA warns Amazon's Whole Foods Market for misbranding food products,0.123,0.877,0.0,-0.1027
219,AMZN,Dec-22-20,02:58PM,"Top Research Reports for Amazon, Walmart & UnitedHealth",0.0,0.588,0.412,0.3612
220,AMZN,Dec-22-20,02:52PM,Whole Foods gets first ever FDA warning letter about mislabeled food that leads to recalls,0.146,0.854,0.0,-0.34
221,AMZN,Dec-22-20,02:44PM,Amazon Opening Three San Antonio Facilities,0.0,0.746,0.254,0.1779
222,AMZN,Dec-22-20,02:11PM,2020 -- Best Tech Stocks,0.0,0.488,0.512,0.6369
223,AMZN,Dec-22-20,01:28PM,Top 4 Mutual Fund Holders of Roku Inc. (ROKU),0.0,0.795,0.205,0.2023
224,AMZN,Dec-22-20,01:21PM,"South Americas Dafiti Takes on Amazon, Mercado Libre in Fashion E-tailing",0.0,0.855,0.145,0.1779
225,AMZN,Dec-22-20,01:08PM,10 Best Data Center Stocks to Buy Now,0.0,0.625,0.375,0.6369
226,AMZN,Dec-22-20,12:54PM,Amazon Delays Hike in Fees It Charges Merchants Until June,0.178,0.678,0.144,-0.1027
227,AMZN,Dec-22-20,12:45PM,Amazon Announces First Fulfillment Center in Louisiana,0.0,0.779,0.221,0.1779
228,AMZN,Dec-22-20,12:35PM,Why GameStop Stock Is Popping Today,0.0,1.0,0.0,0.0
229,AMZN,Dec-22-20,12:30PM,Twitter and Amazon Team Up on Cloud Infrastructure,0.0,0.805,0.195,0.1779
230,AMZN,Dec-22-20,11:42AM,"Steel Dynamics, Intuit, Amazon, Walmart and Target as Zacks Bull and Bear of the Day",0.0,0.774,0.226,0.4215
231,AMZN,Dec-22-20,11:20AM,Activist Investor Ups Stake in GameStop to 13%,0.0,1.0,0.0,0.0
232,AMZN,Dec-22-20,10:46AM,Cognizant (CTSH) Boosts Data Analytics With Inawisdom Buyout,0.0,0.753,0.247,0.3182
233,AMZN,Dec-22-20,10:11AM,Amazon Carries A Basket Of Business Opportunities Heading Into 2021,0.0,0.619,0.381,0.5106
234,AMZN,Dec-22-20,10:02AM,"Amazon Announces Two New Fulfillment Centers and New Delivery Station in San Antonio, TX",0.0,0.709,0.291,0.6037
235,AMZN,Dec-22-20,09:56AM,Give the Gift of Investing With This Classic Stock Bundle,0.0,0.756,0.244,0.4404
236,AMZN,Dec-22-20,09:41AM,Digital Shopping Has Dominated the Holiday Season So Far. Some Retailers Benefit More Than Others.,0.0,0.695,0.305,0.6908
237,AMZN,Dec-22-20,09:38AM,Apple (AAPL) Car May Debut in 2024 With New Battery Technology,0.0,1.0,0.0,0.0
238,AMZN,Dec-22-20,08:06AM,What Lies Ahead for FAAMG Stocks After Explosive Success in 2020?,0.181,0.581,0.239,0.2263
239,AMZN,Dec-22-20,08:00AM,8 Top Stocks Brighten Investors' Holidays With $38 Billion Gift,0.0,0.329,0.671,0.8481
240,AMZN,Dec-22-20,06:59AM,"Amazon (AMZN) to Open New Facility in Sioux Falls, Add 1K Jobs",0.0,0.866,0.134,0.1779
241,AMZN,Dec-22-20,06:43AM,1 REIT Stock to Buy Before 2021,0.0,1.0,0.0,0.0
242,AMZN,Dec-22-20,06:42AM,2 Bargain Stocks You Can Buy Right Now,0.0,0.769,0.231,0.2023
243,AMZN,Dec-22-20,06:26AM,Google Helps Birth Two Social Media Unicorns in Rapid Succession,0.0,0.645,0.355,0.5267
244,AMZN,Dec-22-20,06:15AM,These 10 clunkers are my worst calls from a decades worth of investment advice,0.241,0.647,0.112,-0.4939
245,AMZN,Dec-22-20,06:06AM,5 Brand-Name Stocks That Can Still Make You a Fortune,0.0,1.0,0.0,0.0
246,AMZN,Dec-22-20,05:49AM,Markets are moving away from a 'Darwinistic' phase: Morning Brief,0.0,1.0,0.0,0.0
247,AMZN,Dec-22-20,03:53AM,Startups Target Small Merchants On Amazon's Platform For Acquisition: FT,0.0,1.0,0.0,0.0
248,AMZN,Dec-21-20,07:00PM,Amazon Union Supporters Will Need More Votes to Pass Proposal,0.0,0.635,0.365,0.5574
249,AMZN,Dec-21-20,05:29PM,Electronic Arts Makes a Move,0.0,1.0,0.0,0.0
250,AMZN,Dec-21-20,05:00PM,3 Stocks You Didn't Know Were Betting on Renewable Energy,0.0,0.792,0.208,0.2732
251,AMZN,Dec-21-20,04:28PM,"Googles Aramco Deal Risks Irking Staff Over Oil, Politics",0.208,0.792,0.0,-0.2732
252,AMZN,Dec-21-20,04:23PM,Microsoft Stock Upgraded To Buy On 2021 Cloud Prospects,0.0,0.784,0.216,0.296
253,AMZN,Dec-21-20,04:20PM,Amazon (AMZN) Return Options to Boost Holiday Shopping Experience,0.0,0.458,0.542,0.7269
254,AMZN,Dec-21-20,03:34PM,Are Stitch Fix's Big Gains for Real?,0.0,0.714,0.286,0.34
255,AMZN,Dec-21-20,02:13PM,Microsoft's Reported Plans to Design Its Own CPUs: 5 Thoughts,0.0,1.0,0.0,0.0
256,AMZN,Dec-21-20,01:47PM,Why Intel and AMD Stocks Dipped Today,0.0,1.0,0.0,0.0
257,AMZN,Dec-21-20,01:39PM,Nordcloud to Become the Latest Hybrid Cloud Acquisition for IBM,0.0,1.0,0.0,0.0
258,AMZN,Dec-21-20,12:45PM,Amazon Wins Court Round in Battle Over Future Group Acquisition,0.173,0.467,0.36,0.4215
259,AMZN,Dec-21-20,12:19PM,Roku Insiders Are Selling -- But Investors Shouldn't Worry,0.0,0.769,0.231,0.3412
260,AMZN,Dec-21-20,11:44AM,Meatpacking Workers Get Priority for Vaccine Under CDC Guideline,0.0,1.0,0.0,0.0
261,AMZN,Dec-21-20,11:25AM,Data And Cloud Technologies Helped IT Giants Stay Afloat This Year,0.0,1.0,0.0,0.0
262,AMZN,Dec-21-20,11:00AM,Amazon Delivers the Gift of Football to Prime MembersNFL Holiday Blitz on Prime Video Features Vikings-Saints on Christmas Day Followed by Exclusive Coverage of 49ers-Cardinals on Dec. 26,0.0,0.732,0.268,0.7783
263,AMZN,Dec-21-20,10:55AM,3 Great Reasons to Buy Cloudflare,0.0,0.494,0.506,0.6249
264,AMZN,Dec-21-20,10:43AM,How to understand the extremely high stakes of Big Techs antitrust battle,0.191,0.809,0.0,-0.3818
265,AMZN,Dec-21-20,10:41AM,"Buy Microsoft to Bet on Cloud Growth, Says Citi. Its the Most Bullish Call on Wall Street.",0.0,0.86,0.14,0.3818
266,AMZN,Dec-21-20,10:36AM,Drybar founder Alli Webb: People will be coming out in droves,0.0,1.0,0.0,0.0
267,AMZN,Dec-21-20,10:36AM,Microsoft (MSFT) Developing Chips for Its Servers and PCs,0.0,1.0,0.0,0.0
268,AMZN,Dec-21-20,10:14AM,Top 5 S&P 500 Stocks That Helped the Index Gain in 2020,0.0,0.634,0.366,0.6369
269,AMZN,Dec-21-20,09:16AM,Bed Bath & Beyond Strips Down to Its Essentials -- Is Now the Time to Buy?,0.0,1.0,0.0,0.0
270,AMZN,Dec-21-20,09:07AM,Amazon (AMZN) to Create Over 500 Jobs With New Fulfillment Center,0.0,0.703,0.297,0.4215
271,AMZN,Dec-21-20,07:42AM,Better Buy: Amazon vs. Nike,0.0,0.395,0.605,0.5574
272,AMZN,Dec-21-20,07:21AM,The Queens Christmas speech to be broadcast on Amazons Alexa devices,0.099,0.901,0.0,-0.0258
273,AMZN,Dec-21-20,06:44AM,Tesla is technically the 'Spiders' 5th highest weighted component,0.0,1.0,0.0,0.0
274,AMZN,Dec-21-20,03:00AM,Big Tech Challenged in Big Way,0.219,0.781,0.0,-0.1027
275,AMZN,Dec-21-20,02:00AM,"Amazon Can Ask Regulators to Block Deal With Indias Future Group, Court Says",0.186,0.705,0.109,-0.296
276,AMZN,Dec-21-20,01:30AM,This Is the Wrong TimeÂ for a Wealth Tax,0.252,0.488,0.26,0.0258
277,AMZN,Dec-21-20,12:39AM,Indian court rejects retail giant Future Group's plea against Amazon,0.248,0.62,0.132,-0.3612
278,AMZN,Dec-21-20,12:28AM,Indian court dismisses Future Group's plea against Amazon.com,0.0,1.0,0.0,0.0
279,AMZN,Dec-20-20,10:38PM,Amazon Shutters New Jersey Warehouse Over Spike In Asymptomatic COVID-19 Cases,0.0,0.855,0.145,0.1779
280,AMZN,Dec-20-20,03:04PM,10 Best Stocks To Invest In Right Now According To Tech Billionaire,0.0,0.724,0.276,0.6369
281,AMZN,Dec-20-20,12:09PM,The 1 Mega-Cap Tech Stock That Doesn't Fear Washington,0.0,0.727,0.273,0.3875
282,AMZN,Dec-20-20,11:00AM,MercadoLibre's Profits Surged During the Pandemic. Here's Why.,0.0,0.707,0.293,0.4404
283,AMZN,Dec-20-20,11:00AM,2 Stocks to Supplement Your Social Security Income,0.0,0.714,0.286,0.34
284,AMZN,Dec-20-20,10:50AM,Put Your Coronavirus Stimulus Check to Work With These 3 Stocks,0.0,1.0,0.0,0.0
285,AMZN,Dec-20-20,10:20AM,Why I'll Never Own DoorDash Stock,0.0,1.0,0.0,0.0
286,AMZN,Dec-20-20,09:48AM,"In the Crowded SVOD Market, Netflix Is Still the Name to Beat",0.0,1.0,0.0,0.0
287,AMZN,Dec-20-20,09:00AM,Better Buy: Amazon vs. Stitch Fix,0.0,0.465,0.535,0.5574
288,AMZN,Dec-20-20,08:03AM,The Smartest Investors Should Do This in 2021,0.0,0.636,0.364,0.6124
289,AMZN,Dec-20-20,08:00AM,Investing Lessons I Learned From 2020's Wild Ride,0.0,1.0,0.0,0.0
290,AMZN,Dec-20-20,07:45AM,These Were the 7 Biggest Consumer Trends in 2020,0.0,1.0,0.0,0.0
291,AMZN,Dec-20-20,06:20AM,"This Stock Is Down 10% in 2020, But Investors Who Buy Now Could Enjoy Years of Market-Beating Gains",0.0,0.741,0.259,0.6808
292,AMZN,Dec-20-20,06:12AM,2 Warren Buffett Stocks That Will Make You Richer in 2021,0.0,0.726,0.274,0.5267
293,AMZN,Dec-19-20,04:41PM,"The Stock Market Could Could Gain Another 10% Next Year, Experts Say",0.0,0.764,0.236,0.5267
294,AMZN,Dec-19-20,12:20PM,3 Stocks to Profit From the Pet Economy,0.0,0.674,0.326,0.4404
295,AMZN,Dec-19-20,11:17AM,Bill Gates Stock Portfolio: Top 15 Picks,0.0,0.769,0.231,0.2023
296,AMZN,Dec-19-20,10:28AM,"This Week in Apps: App Store privacy labels, Facebook criticizes Apple over ad targeting, Twitter kills Periscope",0.282,0.718,0.0,-0.7096
297,AMZN,Dec-19-20,08:45AM,"Believe It or Not, Stitch Fix Stock Is Still Cheap",0.0,1.0,0.0,0.0
298,AMZN,Dec-19-20,08:10AM,These 3 Tech Stocks Are Set Up for a Monster 2021,0.0,1.0,0.0,0.0
299,AMZN,Dec-19-20,08:00AM,We Ask Successful Investors: Which Stock Was Your Biggest Winner in 2020?,0.0,0.568,0.432,0.8225
